Hashtag,Count
sustainability,0
innovation,0
environment,0
climatechange,0
tech,0
csr,0
energy,0
renewables,0
sdgs,0
green,0
sustainable,0
earthday,0
housing,0
design,0
solar,0
circulareconomy,0
smartcities,0
foodinnovation,0
climate,0
water,0
recycling,0
energyefficiency,0
esg,0
leadership,0
technology,0
architecture,0
food,0
zerowaste,0
cleanenergy,0
globalgoals,0
plastic,0
business,0
eco,0
education,0
climateaction,0
blockchain,0
solarenergy,0
construction,0
ecofriendly,0
plasticfree,0
可持續發展,0
創新,0
環境,0
氣候變化,0
科技,0
企業社會責任,0
能源,0
可再生能源,0
可持續發展目標,0
綠色,0
可持續的,0
地球日,0
住房,0
設計,0
太陽的,0
循環經濟,0
智慧城市,0
食品創新,0
氣候,0
水,0
回收,0
能源效率,0
esg,0
領導,0
技術,0
建築,0
食物,0
零浪費,0
潔淨能源,0
全球目標,0
塑膠,0
商業,0
生態,0
教育,0
氣候行動,0
區塊鏈,0
太陽能,0
建造,0
環保的,0
無塑,0