Tag,Count
可持續發展,249637
活動,64058
環保,57781
the,42062
hk,23784
支持！,20365
綠色理念,18066
shared,15132
可再生能源,14597
sustainability,13470
主持,12783
go,11267
展覽,11210
保育,10164
光時,9350
深港合作,8128
event,6654
明報,5227
房協,4405
australia,3925
香港美食,3405
新盤設計,3222
裝修,3144
護膚,2989
回收基金,2851
美容,2735
室內設計,2552
港聞,2485
safety,2247
proud,2175
beauty,2004
與香港人同行,1977
一起同建未來,1852
與民共議,1838
公義,1523
聖誕節,1501
element,1478
司儀,1454
滴滴,1453
mc,1430
woo,1418
specification,1378
先到先得,1342
演員,1254
善的力量,1200
名額有限,1094
結婚,1008
hongkong,979
乾淨回收,972
環保聖誕,916
守護核心價值,886
食譜,883
活動司儀,757
高科技教育中心,741
mil,697
陳健民,669
sourcing,637
婚禮,573
vegan,563
這是免費廣告,542
hkig,533
南生圍,493
柳青,490
感謝各位夥伴支持,487
姚松炎,457
skincare,376
新樓入伙,370
2nd,354
kering,350
makeup,337
聖誕禮物,314
預見更好的自己,302
nu,296
討論摘要,274
建測規園,266
foodie,265
guerlain,262
604,240
cosmetics,228
openrice,220
馬高廚房,218
一齊實踐綠色生活,215
減炭,199
hkkol,196
明報即時新聞,192
第四個「s」,191
司馬文,189
hkbeauty,179
hkiger,172
黃色經濟圈,171
聖誕老人,162
台灣好開心,161
654,161
環境局局長黃錦星先生,160
guerlainhk,151
海之戀,143
法國嬌蘭,142
abeilleroyale,125
地中海飲食,125
分享節日喜悅,121
配音,120